0,hour,main.humidity,main.temp,rain.1h,snow.1h,wind.speed
2021-01-01,00:05:22,93,4.45,0,0,2.6
2021-01-01,02:15:55,93,3.55,0,0,1
2021-01-01,03:19:16,100,3.55,0,0,0.5
2021-01-01,04:11:59,100,3.55,0,0,1
2021-01-01,05:06:38,100,4,0.91,0,2.6
2021-01-01,05:38:34,100,3.55,0.75,0,2.1
2021-01-01,06:07:44,93,3.55,0,0,2.6
2021-01-01,07:06:34,93,3.55,0,0,1.5
2021-01-01,08:02:11,93,3.55,0,0,2.1
2021-01-01,09:03:07,86,5,0,0,1.5
2021-01-01,10:01:51,86,5.45,0,0,3.1
2021-01-01,11:01:45,81,6.55,0,0,4.6
2021-01-01,12:01:25,75,6.55,0,0,4.1
2021-01-01,12:56:40,70,7.55,0,0,4.6
2021-01-01,14:01:13,81,6.55,0,0,2.6
2021-01-01,14:59:59,75,6.55,0,0,2.1
2021-01-01,15:59:43,86,4.55,0,0,8.2
2021-01-01,17:00:56,86,4.55,0,0,3.6
2021-01-01,18:00:25,86,3.66,0,0,1.5
2021-01-01,19:00:39,93,3.1,0,0,1.5
2021-01-01,19:56:39,93,3.55,0,0,1
2021-01-01,21:02:37,93,2.55,0,0,1.5
2021-01-01,22:02:32,93,2.1,0,0,1
2021-01-01,23:06:12,93,1.55,0,0,1.5
2021-01-02,00:14:05,100,1,0,0,1.5
2021-01-02,02:22:12,100,1.55,0,0,0.5
2021-01-02,03:26:50,93,2.55,0,0,1.5
2021-01-02,04:17:43,100,2,0,0,1.5
2021-01-02,05:08:28,100,2.55,0,0,3.6
2021-01-02,05:37:57,93,2.55,0,0,2.1
2021-01-02,06:07:17,93,2.55,0,0,2.1
2021-01-02,07:05:24,100,2,0,0,3.1
2021-01-02,08:02:58,86,1.45,0,0.1,4.1
2021-01-02,09:01:03,93,0,0,0,4.1
2021-01-02,10:00:56,90,0,0,0,2.6
2021-01-02,10:59:24,88,-0.45,0,0,4.1
2021-01-02,12:04:17,87,-0.45,0,0,2.6
2021-01-02,13:01:10,87,-0.45,0,0,2.6
2021-01-02,14:00:33,87,-0.45,0,0,3.1
2021-01-02,15:00:47,80,0.55,0,0,3.6
2021-01-02,16:00:54,80,0.1,0,0,3.1
2021-01-02,17:00:44,80,0.1,0,0,2.1
2021-01-02,18:00:46,80,0.1,0,0,2.6
2021-01-02,18:58:43,95,-0.45,0,0,2.1
2021-01-02,20:00:00,96,-0.45,0,0,2.6
2021-01-02,21:00:26,96,-0.45,0,0,1.5
2021-01-02,22:01:48,86,-1,0,0,1.94
2021-01-02,23:05:29,92,-1.55,0,0,0.5
2021-01-03,00:11:58,100,-2.45,0,0,1.5
2021-01-03,02:20:26,93,-0.45,0,0,2.1
2021-01-03,03:22:16,92,-1,0,0,1
2021-01-03,04:17:31,92,-1,0,0,1.5
2021-01-03,05:07:25,86,-1,0,0,2.6
2021-01-03,05:38:02,86,-1.55,0,0,0.5
2021-01-03,06:08:25,92,-2,0,0,2.11
2021-01-03,07:04:30,92,-2.9,0,0,1.5
2021-01-03,08:02:56,92,-1.45,0,0,2.1
2021-01-03,09:01:20,69,2.1,0,0,2.6
2021-01-03,10:02:16,60,4.1,0,0,2.6
2021-01-03,11:01:21,56,5.55,0,0,1.5
2021-01-03,12:01:50,52,7.1,0,0,1.5
2021-01-03,13:02:01,52,6.55,0,0,2.1
2021-01-03,14:02:03,81,7.1,0,0,3.1
2021-01-03,15:00:24,65,6.55,0,0,2.6
2021-01-03,15:56:40,75,5.1,0,0,2.1
2021-01-03,17:01:37,80,3.21,0,0,1.51
2021-01-03,18:00:16,86,3.21,0,0,2.1
2021-01-03,18:59:21,86,3.66,0,0,2.1
2021-01-03,20:00:36,93,3.1,0,0,1
2021-01-03,21:01:27,93,3.1,0,0,0.5
2021-01-03,22:02:13,93,2.1,0,0,1
2021-01-03,23:05:13,100,1.1,0,0,0.5
2021-01-04,00:11:30,100,1.1,0,0,1
2021-01-04,02:18:13,100,-0.35,0,0,2.6
2021-01-04,03:11:59,100,-0.34,0,0,1.5
2021-01-04,04:12:48,93,0.21,0,0,2.1
2021-01-04,05:02:08,93,0.66,0,0,1.5
2021-01-04,05:31:13,93,0.66,0,0,3.1
2021-01-04,06:04:46,93,0.66,0,0,2.6
2021-01-04,07:02:32,88,0.1,0,0,2.1
2021-01-04,08:02:18,93,1.1,0,0,2.1
2021-01-04,09:01:47,93,3,0,0,1.2
2021-01-04,10:01:00,86,4,0.4,0,1.5
2021-01-04,11:00:41,80,4.45,0,0,1
2021-01-04,12:01:13,86,4,0,0,2.6
2021-01-04,13:02:32,80,3.66,0,0,2.1
2021-01-04,14:01:49,86,3.55,0,0,1
2021-01-04,14:56:40,86,3.55,0,0,1.5
2021-01-04,15:56:39,93,2.55,0,0,3.6
2021-01-04,16:56:40,93,1.55,0.25,0,1
2021-01-04,18:00:55,100,1.55,0,0,1
2021-01-04,19:01:56,100,1.55,0.59,0,1.5
2021-01-04,20:01:22,93,2.1,0,0,1.5
2021-01-04,21:01:45,100,1.55,0.37,0,2.1
2021-01-04,22:03:49,93,2.1,0,0,1.5
2021-01-04,23:06:31,100,1.55,0,0.14,1
2021-01-05,00:16:00,100,1.55,0,0,1.5
2021-01-05,02:20:07,93,1.55,0,0,1.27
2021-01-05,03:22:07,93,1.55,0,0,1
2021-01-05,04:13:07,100,1.55,0,0,0.5
2021-01-05,05:01:07,100,1.55,0,0,0.5
2021-01-05,05:33:50,100,1.55,0,0,1.5
2021-01-05,06:05:21,100,1.55,0,0,2.6
2021-01-05,07:03:35,100,1.55,0,0,2.6
2021-01-05,08:03:29,100,1.55,0,0,2.1
2021-01-05,09:02:03,100,1.55,0,0,3.1
2021-01-05,10:03:05,93,1.55,0,0,1.5
2021-01-05,11:01:07,93,1.1,0,0,2.1
2021-01-05,12:02:06,82,1.66,0,0,2.1
2021-01-05,13:01:59,74,2.1,0,0,3.1
2021-01-05,14:02:11,80,2.1,0,0,3.1
2021-01-05,15:02:18,74,2.1,0,0,2.1
2021-01-05,16:01:46,92,2.1,0,0,2.1
2021-01-05,17:02:22,93,1.55,0,0,1.5
2021-01-05,18:02:58,97,1.55,0,0,1
2021-01-05,19:01:41,97,1.55,0,0,0.72
2021-01-05,20:01:20,96,1.55,0,0,1
2021-01-05,21:01:31,93,1.1,0,0,1
2021-01-05,22:02:25,93,1.1,0,0,1
2021-01-05,23:05:36,93,1.1,0,0,1
2021-01-06,00:11:59,93,0.55,0,0,0.5
2021-01-06,02:20:27,94,0.55,0,0,1
2021-01-06,03:23:25,96,0.55,0,0,1.5
2021-01-06,04:13:19,96,0.55,0,0,1
2021-01-06,05:03:19,96,0,0,0,2.1
2021-01-06,05:31:26,96,0,0,0,1.5
2021-01-06,06:05:10,100,-0.55,0,0,2.1
2021-01-06,07:02:48,100,-0.55,0,0,2.1
2021-01-06,08:01:46,91,-0.45,0,0,1.5
2021-01-06,08:56:39,80,2.1,0,0,2.6
2021-01-06,10:01:01,73,3.55,0,0,1.5
2021-01-06,11:02:06,60,5,0,0,2.6
2021-01-06,12:01:41,52,5.55,0,0,2.1
2021-01-06,13:03:04,52,6.1,0,0,2.1
2021-01-06,14:02:53,56,5.55,0,0,2.6
2021-01-06,15:05:56,52,5.1,0,0,3.1
2021-01-06,16:02:40,64,3.1,0,0,2.6
2021-01-06,17:03:21,74,2.55,0,0,2.6
2021-01-06,18:04:23,69,1.65,0,0,2.1
2021-01-06,19:02:09,69,0.75,0,0,1
2021-01-06,20:01:50,80,-0.35,0,0,1.5
2021-01-06,21:01:14,94,-1.35,0,0,1.5
2021-01-06,22:03:29,86,-2.35,0,0,1
2021-01-06,23:09:43,92,-2.9,0,0,0.5
2021-01-07,00:16:45,86,-3.25,0,0,1.5
2021-01-07,02:22:06,92,-3.9,0,0,1.5
2021-01-07,03:29:42,92,-3.9,0,0,1
2021-01-07,04:14:31,100,-4.9,0,0,1
2021-01-07,05:06:09,92,-4.9,0,0,1
2021-01-07,05:35:59,100,-4.45,0,0,1
2021-01-07,06:07:03,100,-4.45,0,0,1
2021-01-07,07:04:14,92,-4.9,0,0,1.5
2021-01-07,08:02:39,100,-4.45,0,0,1
2021-01-07,09:03:51,92,-2.45,0,0,1
2021-01-07,10:02:07,92,-1,0,0,1
2021-01-07,11:02:39,86,0.1,0,0,1.03
2021-01-07,12:02:49,70,1.65,0,0,3.09
2021-01-07,13:04:40,65,3.1,0,0,3.09
2021-01-07,14:04:34,60,3.1,0,0,4.12
2021-01-07,15:02:46,65,2.65,0,0,2.57
2021-01-07,16:03:21,65,1.65,0,0,1.03
2021-01-07,17:03:47,80,-0.9,0,0,1.03
2021-01-07,18:06:35,86,-1.45,0,0,1.54
2021-01-07,19:02:32,80,-2.35,0,0,1.54
2021-01-07,20:01:50,86,-2.9,0,0,1.54
2021-01-07,21:03:26,86,-3.35,0,0,1.03
2021-01-07,22:05:55,93,-3.35,0,0,1.03
2021-01-07,23:09:59,93,-3.9,0,0,1.03
2021-01-08,00:19:17,86,-2.9,0,0,1.03
2021-01-08,02:24:26,93,-5.35,0,0,1.54
2021-01-08,03:31:50,93,-5.45,0,0,1.03
2021-01-08,04:15:40,86,-4.9,0,0,2.06
2021-01-08,05:09:25,86,-4.9,0,0,1.54
2021-01-08,05:37:09,93,-5.45,0,0,1.03
2021-01-08,06:07:12,93,-5.45,0,0,1.54
2021-01-08,07:06:00,93,-5.45,0,0,1.03
2021-01-08,08:03:41,93,-4,0,0,1.54
2021-01-08,09:05:27,80,-1.1,0,0,1.54
2021-01-08,10:03:56,75,1,0,0,2.12
2021-01-08,11:03:02,75,2,0,0,1.54
2021-01-08,12:03:18,75,2.55,0,0,1.03
2021-01-08,13:04:56,56,4.1,0,0,4.12
2021-01-08,14:05:07,60,3.55,0,0,3.6
2021-01-08,15:04:04,65,3.1,0,0,2.57
2021-01-08,16:04:57,70,2.1,0,0,3.09
2021-01-08,17:04:30,75,1.55,0,0,2.06
2021-01-08,18:04:23,80,0.55,0,0,2.57
2021-01-08,19:04:42,86,0.55,0,0,3.09
2021-01-08,20:04:06,86,0.1,0,0,1.03
2021-01-08,21:04:47,93,-0.9,0,0,1.03
2021-01-08,22:07:28,93,-0.9,0,0,1.03
2021-01-08,23:11:15,93,-0.45,0,0,1.54
2021-01-09,00:18:29,93,-0.9,0,0,1.54
2021-01-09,02:24:18,93,-1.45,0,0,0.55
2021-01-09,03:33:06,100,-1.45,0,0,1.54
2021-01-09,04:18:56,93,-1.45,0,0,0.51
2021-01-09,05:12:16,93,-1.45,0,0,0.12
2021-01-09,05:36:41,93,-1.45,0,0,0.51
2021-01-09,06:10:33,93,-1.45,0,0,0.51
2021-01-09,07:07:40,93,-1.45,0,0,0.23
2021-01-09,08:04:49,100,-1,0,0,1.03
2021-01-09,09:04:32,100,-0.45,0,0,1.09
2021-01-09,10:04:49,93,0.1,0,0,1.54
2021-01-09,11:03:49,87,1.1,0,0,2.06
2021-01-09,12:04:52,93,0.55,0,0,2.57
2021-01-09,13:02:48,93,0.55,0,0,3.09
2021-01-09,14:04:39,93,0.55,0,0,2.57
2021-01-09,15:03:11,93,0.55,0,0,3.09
2021-01-09,16:03:19,93,0.55,0,0,2.57
2021-01-09,17:03:41,93,0.55,0,0.27,2.06
2021-01-09,18:03:56,93,0.55,0,0.4,1.54
2021-01-09,19:03:22,93,0.55,0,0.4,2.06
2021-01-09,20:02:54,93,0.55,0,0.28,1.03
2021-01-09,21:01:38,100,0,0,0.36,1.3
2021-01-09,22:04:07,100,-0.45,0,0.46,0.51
2021-01-09,23:11:45,93,0.55,0,0.24,1.03
2021-01-10,00:16:46,93,0.1,0,0.7,1.03
2021-01-10,02:23:58,100,-0.45,0,0,1.54
2021-01-10,03:31:19,100,0,0,0,1.54
2021-01-10,04:17:16,100,0,0,0,0.51
2021-01-10,05:09:18,100,0,0,0,1.54
2021-01-10,05:32:53,100,0,0,0,2.57
2021-01-10,06:06:42,100,0,0,0,2.57
2021-01-10,07:03:56,93,0,0,0,1.54
2021-01-10,08:02:43,93,-0.45,0,0,1.54
2021-01-10,09:02:21,86,0,0,0,1.03
2021-01-10,10:02:45,86,0.55,0,0,2.06
2021-01-10,10:56:39,86,0.55,0,0,2.06
2021-01-10,12:02:44,86,1,0,0,3.09
2021-01-10,13:02:42,80,1.1,0,0,3.09
2021-01-10,14:02:54,86,0.55,0,0,3.6
2021-01-10,15:02:11,86,0.55,0,0,2.57
2021-01-10,16:04:59,86,0.1,0,0,2.57
2021-01-10,17:02:20,86,0.1,0,0,1.54
2021-01-10,18:01:13,93,-0.45,0,0,1.54
2021-01-10,19:02:34,93,-0.45,0,0,1.54
2021-01-10,19:56:40,86,-0.45,0,0,1.54
2021-01-10,21:01:14,93,-1.45,0,0,2.06
2021-01-10,22:04:37,100,-2.9,0,0,0.51
2021-01-10,23:07:47,93,-1.45,0,0,1.03
2021-01-11,00:17:11,86,-1.45,0,0,1.03
2021-01-11,02:21:25,93,-3.45,0,0,0.51
2021-01-11,03:26:31,100,-4.45,0,0,1.42
2021-01-11,04:12:10,100,-4.45,0,0,1.03
2021-01-11,04:59:59,93,-4.45,0,0,1.54
2021-01-11,05:26:40,93,-4.45,0,0,0.51
2021-01-11,06:02:27,100,-4.45,0,0,1.03
2021-01-11,07:04:00,93,-4.45,0,0,1.32
2021-01-11,08:03:11,100,-3.45,0,0,1.03
2021-01-11,09:02:33,93,-1,0,0,0.51
2021-01-11,10:02:46,86,0.55,0,0,3.09
2021-01-11,11:01:33,80,1.1,0,0,4.12
2021-01-11,12:02:25,75,2.1,0,0,4.12
2021-01-11,13:03:03,75,2.65,0,0,4.63
2021-01-11,14:03:43,70,3.1,0,0,5.14
2021-01-11,15:02:27,70,2.55,0,0,5.14
2021-01-11,16:02:40,86,1,0,0,2.57
2021-01-11,17:02:12,86,-0.9,0,0,1.54
2021-01-11,18:01:30,86,-2.35,0,0,1.54
2021-01-11,19:05:29,93,-2.45,0,0,1.54
2021-01-11,20:01:06,93,-2.9,0,0,1.54
2021-01-11,21:02:05,93,-2.9,0,0,2.57
2021-01-11,22:04:30,93,-2.9,0,0,2.57
2021-01-11,23:14:33,93,-3.9,0,0,2.06
2021-01-12,00:11:59,86,-2.9,0,0,3.09
2021-01-12,02:23:35,86,-3.45,0,0,1.54
2021-01-12,03:31:50,86,-3.9,0,0,2.06
2021-01-12,04:14:09,86,-3.9,0,0,2.06
2021-01-12,05:06:15,86,-3.9,0,0,2.06
2021-01-12,05:26:39,86,-3.45,0,0,3.09
2021-01-12,06:03:10,80,-2.9,0,0,2.06
2021-01-12,07:03:30,80,-2.9,0,0,1.03
2021-01-12,08:07:23,80,-1.45,0,0,2.06
2021-01-12,09:03:33,80,-0.45,0,0,2.06
2021-01-12,10:02:02,80,2,0,0,2.06
2021-01-12,11:03:18,81,3.9,0,0,3.09
2021-01-12,12:03:25,61,5.55,0,0,3.09
2021-01-12,13:04:50,61,6.55,0,0,4.63
2021-01-12,14:03:29,61,7.1,0,0,4.12
2021-01-12,15:03:19,61,7.1,0,0,3.6
2021-01-12,16:02:34,65,6.1,0,0,2.06
2021-01-12,17:03:32,65,5.2,0,0,3.09
2021-01-12,18:02:48,75,5.1,0,0,3.6
2021-01-12,19:03:19,70,5.65,0,0,2.57
2021-01-12,20:03:51,81,5.1,0,0,2.57
2021-01-12,21:02:31,87,5.1,0,0,2.06
2021-01-12,22:05:05,87,5.55,0,0,2.57
2021-01-12,23:11:59,93,5.55,0,0,2.57
2021-01-13,00:17:03,100,5.55,0,0,3.6
2021-01-13,02:21:39,100,5.55,0,0,3.09
2021-01-13,03:30:13,100,4.65,0,0,3.09
2021-01-13,04:11:59,100,4.65,0,0,3.09
2021-01-13,05:03:00,93,5.2,0,0,2.57
2021-01-13,05:28:12,93,5.2,0,0,2.57
2021-01-13,06:01:33,93,5.65,0,0,2.57
2021-01-13,07:03:00,93,4.75,0,0,2.06
2021-01-13,08:03:40,93,5.65,0,0,2.06
2021-01-13,09:03:53,100,7,0,0,3.6
2021-01-13,10:04:57,93,8.55,0,0,3.09
2021-01-13,11:01:48,87,9.1,0,0,4.12
2021-01-13,12:02:52,81,10,0,0,3.6
2021-01-13,13:05:07,81,9.55,0,0,3.6
2021-01-13,14:04:25,87,9.55,0,0,4.12
2021-01-13,15:03:47,81,9.55,0,0,2.57
2021-01-13,16:04:08,87,8.55,0,0,2.57
2021-01-13,17:02:51,87,8.55,0,0,4.12
2021-01-13,18:03:37,93,7.55,0,0,2.06
2021-01-13,19:02:46,93,7.55,0,0,2.06
2021-01-13,20:02:03,93,7.55,0,0,1.54
2021-01-13,21:02:48,93,7.55,0,0,1.54
2021-01-13,22:05:23,93,6.65,0,0,0.51
2021-01-13,23:08:26,100,6.1,0,0,1.03
2021-01-14,00:11:59,93,6.1,0,0,2.06
2021-01-14,02:21:27,100,5.65,0,0,2.57
2021-01-14,03:25:36,93,5.65,0,0,2.57
2021-01-14,04:11:41,100,5.55,0,0,2.57
2021-01-14,05:01:51,100,5.1,0,0,1.03
2021-01-14,05:28:43,100,5.1,0,0,1.03
2021-01-14,06:02:48,100,5.1,0,0,1.03
2021-01-14,07:03:04,93,5.1,0,0,1.03
2021-01-14,08:01:35,93,5.1,0,0,1.54
2021-01-14,09:02:31,93,6.55,0,0,0.51
2021-01-14,10:03:27,87,7.1,0,0,2.06
2021-01-14,11:03:22,93,8,0,0,4.12
2021-01-14,12:03:11,87,9,0,0,4.12
2021-01-14,13:04:12,87,9,0,0,4.12
2021-01-14,14:05:45,87,9,0,0,5.14
2021-01-14,15:02:54,81,9,0,0,5.14
2021-01-14,16:05:00,93,8,0,0,5.14
2021-01-14,17:04:09,93,8,0,0,3.09
2021-01-14,18:03:34,93,7.55,0,0,1.54
2021-01-14,19:04:38,93,8,0,0,5.14
2021-01-14,20:03:16,100,8,0,0,5.66
2021-01-14,21:07:34,100,8.45,0,0,4.12
2021-01-14,22:05:23,93,8.55,0,0,4.63
2021-01-14,23:09:39,100,8,0,0,4.63
2021-01-15,00:16:45,93,8,0,0,3.6
2021-01-15,02:23:21,93,7.55,0,0,3.6
2021-01-15,03:32:52,93,7.55,0,0,3.6
2021-01-15,04:16:32,100,7,0,0,3.6
2021-01-15,05:09:15,100,7,0,0,3.6
2021-01-15,05:31:10,100,7,0,0,4.12
2021-01-15,06:06:13,100,7,0,0,2.57
2021-01-15,07:05:50,100,7,0,0,4.12
2021-01-15,08:05:39,93,7.55,0,0,4.63
2021-01-15,09:06:06,93,7.55,0,0,4.12
2021-01-15,10:07:38,93,7.55,0,0,2.57
2021-01-15,11:06:33,93,7.55,0,0,2.57
2021-01-15,12:06:49,81,8.1,0,0,2.57
2021-01-15,13:06:48,81,8.55,0,0,3.6
2021-01-15,14:08:21,87,7.55,0,0,2.06
2021-01-15,15:07:33,76,7.65,0,0,3.09
2021-01-15,16:08:13,87,7.1,0,0,2.57
2021-01-15,17:08:24,93,6.55,0,0,2.57
2021-01-15,18:07:29,87,6.1,0,0,2.57
2021-01-15,19:05:54,87,6.55,0,0,2.57
2021-01-15,20:05:05,87,5.55,0,0,3.6
2021-01-15,21:06:13,93,5.55,0,0,1.03
2021-01-15,22:07:34,87,5.55,0,0,2.06
2021-01-15,23:11:01,87,5.55,0,0,1.03
2021-01-16,00:15:22,93,4.55,0,0,1.54
2021-01-16,02:23:22,93,2.1,0,0,1.03
2021-01-16,03:31:52,93,0.65,0,0,2.57
2021-01-16,04:17:50,100,0.55,0,0,2.06
2021-01-16,05:10:29,100,0.1,0,0,1.03
2021-01-16,05:33:19,100,0.1,0,0,1.54
2021-01-16,06:06:16,100,-0.45,0,0,1.03
2021-01-16,07:06:47,100,-0.45,0,0,1.54
2021-01-16,08:04:19,100,0.45,0,0,2.06
2021-01-16,09:04:30,100,2.55,0,0,1.54
2021-01-16,10:06:02,87,5.1,0,0,1.03
2021-01-16,11:05:59,76,6.55,0,0,2.57
2021-01-16,12:05:00,76,7.55,0,0,3.6
2021-01-16,13:05:31,76,7.55,0,0,2.06
2021-01-16,14:05:41,76,7.55,0,0,2.06
2021-01-16,15:06:16,76,8,0,0,1.1
2021-01-16,16:05:39,76,7.55,0,0,1.03
2021-01-16,17:04:16,81,6.55,0,0,1.03
2021-01-16,18:05:43,81,6.1,0,0,1.03
2021-01-16,19:06:20,81,6.55,0,0,1.54
2021-01-16,20:05:50,87,6,0,0,1.54
2021-01-16,21:05:16,76,7.45,0,0,1.54
2021-01-16,22:05:44,71,7.55,0,0,4.63
2021-01-16,23:09:56,71,7.55,0,0,2.57
2021-01-17,00:15:48,61,8,0,0,3.6
2021-01-17,02:23:47,61,8.55,0,0,3.09
2021-01-17,03:33:22,57,8.55,0,0,3.6
2021-01-17,04:12:05,61,8.55,0,0,4.12
2021-01-17,05:08:12,61,9,0,0,4.12
2021-01-17,05:33:38,71,9,0,0,4.12
2021-01-17,06:06:51,71,9,0,0,5.14
2021-01-17,07:05:49,76,10,0,0,6.17
2021-01-17,08:05:16,81,10,0,0,5.14
2021-01-17,09:02:42,87,10.45,0,0,7.72
2021-01-17,10:04:59,93,10,0,0,6.17
2021-01-17,11:04:34,100,10,0,0,6.17
2021-01-17,12:03:31,100,10,0,0,6.17
2021-01-17,13:04:08,100,9.45,0,0,5.14
2021-01-17,14:05:04,93,9,0,0,3.6
2021-01-17,15:03:07,93,9,0,0,3.09
2021-01-17,16:05:30,100,8,0,0,2.57
2021-01-17,17:04:33,100,7.55,0,0,1.54
2021-01-17,18:04:42,93,6.55,0,0,1.54
2021-01-17,19:04:29,87,6.55,0,0,2.57
2021-01-17,20:03:09,87,6,0,0,2.06
2021-01-17,21:05:03,93,6,0,0,1.03
2021-01-17,22:06:03,87,6,0,0,0.51
2021-01-17,23:10:51,87,5.55,0,0,1.43
2021-01-18,00:17:16,87,5.55,0,0,2.06
2021-01-18,02:22:29,93,4.45,0,0,0.59
2021-01-18,03:31:29,93,4,0,0,0.51
2021-01-18,04:12:20,100,3.45,0,0,1.03
2021-01-18,05:02:24,93,2.55,0,0,1.03
2021-01-18,05:28:03,100,2,0,0,1.03
2021-01-18,06:03:54,93,2,0,0,1.03
2021-01-18,07:04:54,100,1.45,0,0,1.54
2021-01-18,08:08:25,100,2.1,0,0,1.03
2021-01-18,09:06:09,93,4.55,0,0,1.54
2021-01-18,10:06:14,76,7.1,0,0,1.54
2021-01-18,11:06:47,66,8.1,0,0,2.57
2021-01-18,12:07:12,62,9.1,0,0,1.54
2021-01-18,13:08:03,58,10.1,0,0,1.54
2021-01-18,14:06:57,58,10.55,0,0,1.54
2021-01-18,15:06:49,62,9.55,0,0,1.54
2021-01-18,16:05:58,71,7.55,0,0,1.03
2021-01-18,17:04:01,75,5.1,0,0,2.06
2021-01-18,18:04:50,87,2.65,0,0,0.51
2021-01-18,19:05:36,93,2.1,0,0,1.54
2021-01-18,20:04:44,93,1.1,0,0,1.54
2021-01-18,21:02:47,93,1.55,0,0,3.09
2021-01-18,22:05:46,93,1.1,0,0,3.09
2021-01-18,23:09:02,87,0.65,0,0,3.09
2021-01-19,00:20:57,93,-0.35,0,0,2.57
2021-01-19,02:25:34,86,0.1,0,0,2.57
2021-01-19,03:36:00,93,-0.45,0,0,2.57
2021-01-19,04:15:00,86,0.1,0,0,2.57
2021-01-19,05:08:13,86,0.1,0,0,2.57
2021-01-19,05:26:40,80,0.1,0,0,2.06
2021-01-19,06:07:25,86,0.1,0,0,2.06
2021-01-19,07:07:21,80,1,0,0,1.54
2021-01-19,08:08:28,70,4,0,0,2.06
2021-01-19,09:09:48,65,7.9,0,0,2.06
2021-01-19,10:05:21,54,12.35,0,0,2.57
2021-01-19,11:09:09,44,14.55,0,0,3.09
2021-01-19,12:03:16,34,16.55,0,0,2.57
2021-01-19,13:06:19,32,18.1,0,0,0.51
2021-01-19,14:05:38,30,18.55,0,0,1.03
2021-01-19,15:05:08,42,17.55,0,0,0.26
2021-01-19,16:05:52,55,14.55,0,0,1.54
2021-01-19,17:05:16,62,9.2,0,0,2.06
2021-01-19,18:03:08,81,7,0,0,1.03
2021-01-19,19:03:25,81,4.65,0,0,1.54
2021-01-19,20:03:53,75,6,0,0,3.09
2021-01-19,21:03:55,81,5.35,0,0,2.06
2021-01-19,22:02:43,70,6.45,0,0,2.57
2021-01-19,23:12:25,75,6.8,0,0,1.54
2021-01-20,00:12:31,70,8.6,0,0,0.51
2021-01-20,02:22:58,75,9.51,0,0,1.03
2021-01-20,03:31:35,75,9.5,0,0,1.54
2021-01-20,04:12:13,81,8.95,0,0,1.54
2021-01-20,05:02:11,61,6,0,0,2.57
2021-01-20,05:28:45,65,4.55,0,0,0.51
2021-01-20,06:02:37,65,4.1,0,0,1.54
2021-01-20,07:04:31,65,4.55,0,0,2.06
2021-01-20,08:03:31,61,4.65,0,0,2.57
2021-01-20,09:05:28,70,6,0,0,2.57
2021-01-20,10:04:22,49,11.7,0,0,2.57
2021-01-20,11:04:14,35,15.35,0,0,5.14
2021-01-20,12:03:46,33,16,0,0,6.69
2021-01-20,13:04:52,38,15,0,0,6.69
2021-01-20,14:04:32,41,15,0,0,3.6
2021-01-20,15:04:42,47,14.45,0,0,2.57
2021-01-20,16:04:13,47,14,0,0,2.06
2021-01-20,17:06:02,47,14,0,0,2.06
2021-01-20,18:03:19,44,15,0.18,0,3.09
2021-01-20,19:04:30,44,13.65,0.21,0,5.66
2021-01-20,20:02:58,47,13.55,0,0,4.12
2021-01-20,21:05:56,50,13,0,0,2.57
2021-01-20,21:17:56,58,11.45,0,0,2.06
2021-01-20,22:06:27,58,11.45,0,0,2.57
2021-01-20,23:11:48,62,10.55,0,0,4.12
2021-01-21,00:17:00,54,10.29,0,0,5.14
2021-01-21,02:22:15,54,8.94,0,0,6.17
2021-01-21,03:34:23,58,9.3,0,0,4.63
2021-01-21,04:14:10,62,8.4,0,0,3.6
2021-01-21,05:03:35,58,9.4,0,0,4.12
2021-01-21,05:29:13,58,9.4,0,0,1.54
2021-01-21,06:02:46,54,9.85,0,0,2.57
2021-01-21,07:03:48,62,8.4,0,0,3.6
2021-01-21,08:06:04,58,9.85,0,0,6.69
2021-01-21,09:05:01,58,11.2,0,0,4.12
2021-01-21,10:05:00,58,12.55,0,0,4.63
2021-01-21,11:06:31,51,15,0,0,3.09
2021-01-21,12:03:55,48,16,0.3,0,2.57
2021-01-21,13:03:55,51,15,0.15,0,6.17
2021-01-21,14:04:17,55,14.1,0,0,4.63
2021-01-21,15:05:47,51,13.65,0,0,4.12
2021-01-21,16:06:05,48,13.3,0,0,6.17
2021-01-21,17:03:43,51,12.3,0,0,5.66
2021-01-21,18:03:45,47,13.65,0,0,5.66
2021-01-21,19:03:49,48,15.55,0,0,7.72
2021-01-21,20:01:48,48,15.1,0,0,7.72
2021-01-21,21:02:48,44,15.1,0,0,6.69
2021-01-21,22:02:06,44,15.55,0,0,8.75
2021-01-21,23:04:51,44,15.1,0,0,7.2
2021-01-22,00:12:12,48,13.3,0,0,7.2
2021-01-22,02:18:20,54,13.55,0,0,2.57
2021-01-22,03:22:13,62,12.45,0,0,1.54
2021-01-22,04:08:20,66,11.45,0,0,2.57
2021-01-22,04:50:33,58,13,0.11,0,2.06
2021-01-22,05:23:32,67,12.1,0.21,0,10.8
2021-01-22,05:59:59,81,9.1,0,0,3.09
2021-01-22,07:02:28,81,9,0.29,0,14.4
2021-01-22,08:02:06,93,8.55,0,0,5.66
2021-01-22,09:02:17,87,8.55,0.27,0,7.72
2021-01-22,10:01:17,93,8,0,0,9.77
2021-01-22,11:02:42,93,8.55,0.3,0,14.4
2021-01-22,12:02:49,87,8.1,0,0,10.8
2021-01-22,13:01:52,81,8.55,0.32,0,8.23
2021-01-22,13:47:00,93,6.1,0,0,5.14
2021-01-22,14:02:23,93,6.1,0,0,5.14
2021-01-22,14:15:44,87,6.1,0,0,5.66
2021-01-22,14:30:26,87,6.1,0,0,5.66
2021-01-22,15:03:21,93,5.55,0,0,7.2
2021-01-22,16:02:30,87,5.1,0,0,7.2
2021-01-22,17:01:19,93,5.1,0,0,5.66
2021-01-22,17:35:56,93,5.55,0.7,0,5.14
2021-01-22,17:56:39,93,5.55,0,0,5.66
2021-01-22,19:01:19,93,5.55,0,0,3.6
2021-01-22,20:02:43,93,5.55,0,0,4.63
2021-01-22,21:01:10,81,6.55,1.89,0,6.69
2021-01-22,21:56:39,93,6,0.49,0,7.72
2021-01-22,23:01:31,87,5.55,0,0,4.12
2021-01-23,00:03:50,87,6,0.25,0,3.6
2021-01-23,02:10:56,93,5,0,0,1.54
2021-01-23,03:06:23,93,4.1,0,0,2.57
2021-01-23,04:06:47,81,4.65,0,0,2.57
2021-01-23,04:47:02,70,6.55,0,0,4.12
2021-01-23,05:23:49,66,8,0,0,4.63
2021-01-23,05:58:21,61,9,0,0,5.66
2021-01-23,06:56:39,57,10,0,0,6.69
2021-01-23,08:00:55,57,10,0,0,6.17
2021-01-23,08:39:38,54,11,0,0,6.69
2021-01-23,09:03:24,54,11,0,0,8.23
2021-01-23,09:56:39,50,12.55,0,0,9.26
2021-01-23,11:01:12,54,12,0,0,6.17
2021-01-23,12:01:53,62,11.9,0,0,8.23
2021-01-23,13:00:23,81,10.9,0,0,7.2
2021-01-23,14:01:48,87,9,0,0,6.17
2021-01-23,15:00:16,93,8,0.18,0,4.12
2021-01-23,16:00:50,93,7.55,0,0,3.09
2021-01-23,17:00:29,100,7,0,0,2.57
2021-01-23,17:59:57,93,7,0,0,3.09
2021-01-23,19:01:33,93,6.55,0,0,2.57
2021-01-23,20:01:05,93,6.55,0,0,1.54
2021-01-23,21:01:08,93,6.55,0,0,3.09
2021-01-23,22:00:54,100,5.55,0,0,2.06
2021-01-23,23:00:10,93,6.1,0,0,3.6
2021-01-24,00:01:47,93,6.1,0.37,0,2.57
2021-01-24,02:09:56,100,4.45,0,0,4.63
2021-01-24,03:03:47,100,3.55,0,0,3.09
2021-01-24,04:00:15,100,3.55,0,0,4.63
2021-01-24,04:46:14,100,3.55,0,0,1.54
2021-01-24,05:22:31,100,3.55,0,0,2.57
2021-01-24,05:58:25,100,3.55,0,0,2.06
2021-01-24,06:59:28,100,3.55,0,0,2.06
2021-01-24,07:59:56,93,4.55,0,0,1.03
2021-01-24,09:02:12,93,6,0,0,2.57
2021-01-24,10:03:06,81,8,0,0,4.63
2021-01-24,11:01:29,76,9,0.11,0,9.26
2021-01-24,12:01:17,81,8.55,0,0,6.17
2021-01-24,13:01:06,87,9.55,0,0,7.2
2021-01-24,14:01:37,81,9.55,0,0,9.26
2021-01-24,15:02:59,81,9,0,0,9.26
2021-01-24,16:01:23,81,8.55,0,0,4.12
2021-01-24,17:02:15,81,8.1,0,0,2.57
2021-01-24,18:01:09,87,8.1,0,0,5.14
2021-01-24,19:01:37,87,8.55,0,0,6.69
2021-01-24,20:02:08,87,8.55,0,0,10.29
2021-01-24,21:00:59,81,8.55,0,0,7.72
2021-01-24,22:01:16,87,8.1,0,0,6.69
2021-01-24,23:00:23,100,8,0.32,0,6.69
2021-01-25,00:03:17,93,8.55,0,0,6.69
2021-01-25,02:09:59,93,8.1,0,0,6.69
2021-01-25,03:10:58,93,8.1,0,0,6.69
2021-01-25,04:04:51,100,7.55,0,0,4.63
2021-01-25,04:49:55,93,8.1,0,0,5.14
2021-01-25,05:22:19,100,7.55,0,0,3.09
2021-01-25,05:58:20,100,7.55,0,0,4.12
2021-01-25,07:00:15,93,8.1,0,0,3.09
2021-01-25,08:03:31,93,7.55,0,0,2.06
2021-01-25,09:03:10,100,7.55,0,0,2.57
2021-01-25,10:02:36,93,7.55,0,0,3.6
2021-01-25,10:02:27,93,7.55,0,0,3.6
2021-01-25,11:02:22,93,7.1,0,0,2.06
2021-01-25,12:02:35,93,7.1,0,0,3.09
2021-01-25,13:02:00,87,7.55,0,0,1.54
2021-01-25,14:03:22,87,7.1,0,0,2.57
2021-01-25,15:01:42,87,7.1,0,0,2.06
2021-01-25,16:03:03,93,7.1,0,0,2.57
2021-01-25,16:35:48,100,6.55,0,0,2.06
2021-01-25,17:01:40,93,6.55,0,0,2.06
2021-01-25,18:02:26,93,6,0,0,2.06
2021-01-25,19:00:21,100,4,0,0,1.03
2021-01-25,19:30:39,93,4.55,0,0,1.03
2021-01-25,20:02:44,100,4.55,0,0,1.03
2021-01-25,21:00:21,100,3.55,0,0,1.1
2021-01-25,21:14:31,100,3.55,0,0,1.1
2021-01-25,21:22:51,100,2.65,0,0,1.03
2021-01-25,22:01:20,100,2.55,0,0,0.44
2021-01-25,23:01:22,100,3.1,0,0,2.06
2021-01-26,00:03:22,100,3.45,0,0,1.03
2021-01-26,02:11:33,100,3.55,0,0,2.57
2021-01-26,03:11:59,100,3.55,0,0,1.54
2021-01-26,04:05:24,100,3.55,0,0,1.03
2021-01-26,04:48:57,100,3.1,0,0,1.03
2021-01-26,05:23:05,100,2.65,0,0,2.06
2021-01-26,05:58:05,100,2.2,0,0,3.09
2021-01-26,07:02:34,100,1.65,0,0,4.12
2021-01-26,08:02:16,100,2.65,0,0,1.54
2021-01-26,09:00:25,93,3.55,0,0,1.03
2021-01-26,10:02:25,87,5.55,0,0,1.54
2021-01-26,11:00:30,76,8.1,0,0,1.54
2021-01-26,12:02:44,71,9.55,0,0,2.06
2021-01-26,13:00:21,50,11.1,0,0,2.06
2021-01-26,14:04:55,47,12.1,0,0,0.48
2021-01-26,14:04:07,47,12.1,0,0,0.48
2021-01-26,14:04:07,47,12.1,0,0,0.48
2021-01-26,15:03:24,50,11.55,0,0,0.51
2021-01-26,16:03:48,50,11.1,0,0,1.54
2021-01-26,17:01:40,66,10.1,0,0,0.51
2021-01-26,18:00:19,76,9.1,0,0,1.03
2021-01-26,19:02:18,76,9.1,0,0,1.03
2021-01-26,20:03:29,76,9.55,0,0,1.03
2021-01-26,20:04:15,76,9.55,0,0,1.03
2021-01-26,20:43:21,71,9.55,0,0,2.06
2021-01-26,20:43:21,71,9.55,0,0,2.06
2021-01-26,21:02:28,71,9.55,0,0,2.06
2021-01-26,21:12:36,71,9.55,0,0,2.06
2021-01-26,22:01:54,76,10,0,0,2.06
2021-01-26,23:03:10,76,10,0,0,2.06
2021-01-27,00:06:53,81,10,0,0,1.03
2021-01-27,02:12:36,93,10.9,0,0,1.03
2021-01-27,03:12:36,100,11.9,0,0,0.51
2021-01-27,04:08:13,94,13,0,0,4.63
2021-01-27,04:56:21,94,12.55,0,0,4.12
2021-01-27,05:28:03,94,12.55,0,0,4.12
2021-01-27,06:02:36,94,12.55,0,0,3.6
2021-01-27,07:00:19,100,12,0,0,3.09
2021-01-27,08:03:08,94,12.55,0,0,5.14
2021-01-27,09:03:16,94,13,0,0,5.14
2021-01-27,10:05:07,100,13,0,0,4.12
2021-01-27,11:03:36,100,13,0,0,5.66
2021-01-27,12:05:27,100,13,0,0,5.66
2021-01-27,13:05:48,100,13,0,0,5.66
2021-01-27,14:05:13,100,13.45,0.21,0,5.14
2021-01-27,15:04:16,100,13.45,0,0,3.6
2021-01-27,16:04:50,100,13,0,0,4.63
2021-01-27,17:04:33,100,13,0,0,5.66
2021-01-27,18:04:35,100,13,0,0,6.17
2021-01-27,19:03:59,100,13,0,0,5.66
2021-01-27,20:03:13,100,13,0,0,4.63
2021-01-27,21:02:43,100,13,0,0,3.6
2021-01-27,22:03:45,100,13,0,0,3.6
2021-01-27,23:00:24,100,13,0,0,2.06
2021-01-28,00:08:14,100,12.55,0,0,3.09
2021-01-28,02:11:57,94,12.55,0,0,1.54
2021-01-28,03:11:13,100,11.45,0,0,0.51
2021-01-28,04:06:59,100,11.55,0,0,2.06
2021-01-28,04:52:44,100,11.1,0,0,1.54
2021-01-28,05:26:22,94,11.1,0,0,0.92
2021-01-28,06:01:31,100,11,0,0,0.51
2021-01-28,07:02:55,100,11.55,0,0,2.06
2021-01-28,08:03:48,100,11.55,0,0,1.54
2021-01-28,09:05:20,100,12.55,0,0,2.06
2021-01-28,09:47:20,88,14.55,0,0,2.57
2021-01-28,10:04:05,88,14.55,0,0,2.57
2021-01-28,11:05:51,77,15.55,0,0,3.09
2021-01-28,12:05:21,72,16.55,0,0,3.6
2021-01-28,13:05:30,67,17,0,0,1.03
2021-01-28,14:03:32,72,17.45,0,0,1.03
2021-01-28,15:04:11,67,17,0,0,0.51
2021-01-28,16:04:05,72,16,0,0,1.54
2021-01-28,17:04:08,82,13.1,0,0,1.03
2021-01-28,18:05:18,87,11.1,0,0,1.03
2021-01-28,19:05:35,93,9.65,0,0,1.54
2021-01-28,20:05:13,93,9.55,0,0,1.03
2021-01-28,21:00:24,100,8.55,0,0,1.03
2021-01-28,22:04:14,100,9,0,0,2.57
2021-01-28,23:04:11,93,9.1,0,0,2.57
2021-01-29,00:05:40,100,9.55,0,0,2.57
2021-01-29,02:12:36,100,10,0,0,1.03
2021-01-29,03:23:21,93,11,0,0,1.79
2021-01-29,04:09:16,93,10.55,0.15,0,0.51
2021-01-29,04:59:43,100,11.45,0,0,2.06
2021-01-29,05:24:51,94,12,0,0,2.06
2021-01-29,06:02:22,94,12,0,0,2.57
2021-01-29,07:02:43,100,12,0.26,0,4.63
2021-01-29,08:04:25,100,12,0,0,5.14
2021-01-29,09:04:13,100,12,0,0,4.63
2021-01-29,10:04:41,94,12.55,0,0,3.09
2021-01-29,11:04:20,94,13,0,0,3.6
2021-01-29,12:27:48,100,13,0,0,3.6
2021-01-29,13:07:02,100,13,0.1,0,3.6
2021-01-29,14:05:28,94,12.55,0,0,4.63
2021-01-29,15:05:43,100,12.55,0,0,2.06
2021-01-29,16:05:08,100,12.55,0,0,1.54
2021-01-29,17:05:21,94,12.55,0,0,0.98
2021-01-29,18:04:46,100,11.55,0,0,1.03
2021-01-29,19:04:06,100,11.55,0,0,2.06
2021-01-29,20:04:18,100,11.55,0,0,3.09
2021-01-29,21:04:07,94,11.55,0,0,1.03
2021-01-29,22:03:36,100,10.1,0,0,1.54
2021-01-29,23:03:31,100,9.55,0,0,4.63
2021-01-30,00:05:23,100,10,0,0,3.09
2021-01-30,02:13:16,93,8.64,0.17,0,1.54
2021-01-30,03:17:55,93,9.1,0,0,1.54
2021-01-30,04:07:54,100,8.55,0.26,0,1.54
2021-01-30,04:56:24,82,10.75,0.22,0,6.69
2021-01-30,05:28:22,93,10.1,0.22,0,6.17
2021-01-30,06:02:48,100,10.55,0.18,0,5.14
2021-01-30,07:03:37,93,10.55,0,0,1.03
2021-01-30,08:03:47,93,10.55,0.49,0,5.14
2021-01-30,09:05:40,87,9.55,0.28,0,4.12
2021-01-30,10:00:19,87,9.55,0,0,4.63
2021-01-30,11:06:26,87,9.55,0.84,0,4.12
2021-01-30,12:04:25,87,9.55,0,0,5.66
2021-01-30,13:05:27,87,8.65,0,0,4.12
2021-01-30,14:05:07,82,10.1,0,0,4.12
2021-01-30,15:04:57,76,10.1,0,0,7.72
2021-01-30,16:06:03,66,10.1,0,0,7.72
2021-01-30,17:04:11,71,9.65,0,0,8.75
2021-01-30,18:00:19,76,9.1,0,0,6.69
2021-01-30,19:03:57,81,8.1,0,0,9.26
2021-01-30,20:00:17,93,7.55,0.32,0,7.2
2021-01-30,21:04:30,87,7.55,0.32,0,8.23
2021-01-30,22:03:03,93,7.55,0,0,8.23
2021-01-30,23:03:22,93,7.55,0.3,0,8.23
2021-01-31,00:07:00,100,8,0,0,8.75
2021-01-31,02:11:06,93,9.1,0.16,0,11.83
2021-01-31,03:12:36,93,9.1,0,0,10.29
2021-01-31,04:08:34,93,9.1,0,0,11.83
2021-01-31,04:55:39,93,9.1,0,0,11.83
2021-01-31,05:25:52,93,9.1,0,0,11.32
2021-01-31,06:00:15,93,9.55,0,0,11.83
2021-01-31,07:02:26,93,9.55,0,0,9.26
2021-01-31,08:02:27,93,9.55,0,0,9.77
2021-01-31,09:02:26,93,9.55,0,0,8.23
2021-01-31,10:04:16,87,10.55,0,0,6.69
2021-01-31,11:04:07,93,10.55,0.11,0,3.6
2021-01-31,12:04:25,87,12,0,0,4.12
2021-01-31,13:04:56,93,11.45,0,0,5.66
2021-01-31,14:04:31,100,10.55,0,0,4.12
2021-01-31,15:05:34,94,12,0,0,7.2
2021-01-31,16:03:34,88,12.55,0,0,7.72
2021-01-31,17:03:57,94,12,0,0,5.66
2021-01-31,18:00:23,87,11.1,0,0,4.12
2021-01-31,19:03:29,87,10.1,0,0,4.43
2021-01-31,20:00:22,93,10.1,0.65,0,4.12
2021-01-31,21:01:09,87,11.1,0,0,12.86
2021-01-31,22:01:28,87,12,0,0,12.35
2021-01-31,23:03:05,93,10.55,0,0,10.8
2021-02-01,00:05:51,93,10.55,0,0,13.38
2021-02-01,02:12:24,87,10.55,0,0,11.32
2021-02-01,03:15:43,87,10.55,0,0,10.8
2021-02-01,04:04:35,87,10.55,0,0,8.23
2021-02-01,04:52:20,87,10.55,0,0,11.83
2021-02-01,05:23:24,87,10.55,0,0,12.86
2021-02-01,05:59:13,76,11.1,0,0,12.35
2021-02-01,07:01:41,82,11.1,0,0,12.35
2021-02-01,08:03:15,93,10.55,0,0,13.38
2021-02-01,09:05:22,82,11.55,0,0,10.8
2021-02-01,10:03:30,76,12.1,0,0,13.38
2021-02-01,11:03:35,76,12.1,0,0,10.8
2021-02-01,12:04:01,100,11,0,0,10.8
2021-02-01,13:05:18,87,11.55,0,0,9.77
2021-02-01,14:04:22,87,11.55,0,0,8.75
2021-02-01,15:03:00,94,11.55,0,0,7.2
2021-02-01,16:04:23,94,11.55,0,0,6.69
2021-02-01,17:02:43,94,11.55,0,0,8.23
2021-02-01,18:00:24,94,11.55,0,0,7.2
2021-02-01,19:02:18,94,11.55,0,0,5.14
2021-02-01,20:02:40,94,11.55,0,0,3.6
2021-02-01,21:01:24,94,11.55,0,0,2.06
2021-02-01,22:02:07,94,11.55,0,0,1.54
2021-02-01,23:01:31,100,10.55,0,0,2.06
2021-02-02,00:04:31,93,10.55,0,0,1.54
2021-02-02,02:11:07,93,11,0,0,1.54
2021-02-02,21:04:05,82,11.2,0,0,2.57
2021-02-02,22:12:50,93,9.64,0,0,1.03
2021-02-02,23:01:09,87,10.1,0,0,1.54
2021-02-03,00:06:13,93,9.1,0,0,2.06
2021-02-03,02:10:48,93,8.55,0,0,2.06
2021-02-03,03:12:58,93,7.55,0,0,2.06
2021-02-03,04:05:23,87,8.1,0,0,2.57
2021-02-03,04:50:07,93,7.1,0,0,3.09
2021-02-03,05:22:39,93,7,0,0,1.54
2021-02-03,06:00:52,93,7.45,0,0,1.03
2021-02-03,07:01:51,87,8.1,0,0,1.54
2021-02-03,08:01:55,87,11,0,0,1.03
2021-02-03,09:03:17,59,16.1,0,0,5.14
2021-02-03,09:20:00,52,18,0,0,5.66
2021-02-03,10:00:25,72,16.9,0,0,4.63
2021-02-03,11:02:13,63,17.45,0,0,4.63
2021-02-03,12:00:18,72,15,0,0,5.14
2021-02-03,13:00:21,82,14,0,0,4.12
2021-02-03,14:01:16,77,14,0,0,4.12
2021-02-03,15:00:38,82,13,0,0,3.09
2021-02-03,15:59:23,76,12.55,0,0,2.06
2021-02-03,16:58:47,87,11.55,0,0,2.57
2021-02-03,17:59:05,82,10.65,0,0,2.06
2021-02-03,18:58:42,82,10.65,0,0,2.06
2021-02-03,19:58:12,87,10.65,0,0,2.57
2021-02-03,20:58:04,87,10.1,0,0,4.12
2021-02-03,21:56:43,87,9.2,0,0,4.12
2021-02-03,22:58:48,93,8.65,0,0,4.12
2021-02-04,00:01:20,93,8.65,0,0,2.57
2021-02-04,02:08:48,93,7.65,0,0,0.51
2021-02-04,03:05:46,93,7.65,0,0,2.06
2021-02-04,04:01:13,93,8.1,0,0,1.54
2021-02-04,04:41:48,100,8.1,0,0,1.54
2021-02-04,05:13:34,100,8.1,0,0,2.06
2021-02-04,05:55:29,100,8.1,0,0,1.54
2021-02-04,06:59:16,100,8.1,0,0,1.54
2021-02-04,07:59:21,93,9.55,0,0,1.31
2021-02-04,08:58:15,100,10.9,0,0,1.54
2021-02-04,09:19:45,93,12.35,0,0,1.03
2021-02-04,09:58:10,87,12.45,0,0,1.03
2021-02-04,10:59:23,82,14.45,0,0,2.57
2021-02-04,11:59:51,72,15,0,0,4.12
2021-02-04,13:01:33,67,15.55,0,0,4.12
2021-02-04,13:59:16,67,15.55,0,0,3.6
2021-02-04,14:59:34,67,15.1,0,0,3.09
2021-02-04,15:59:23,77,14.55,0,0,2.57
2021-02-04,16:59:53,82,12.55,0,0,2.06
2021-02-04,17:59:09,87,10.55,0,0,1.54
2021-02-04,19:01:25,93,9.55,0,0,2.06
2021-02-04,19:58:14,93,9.55,0,0,2.06
2021-02-04,20:58:08,100,8.1,0,0,1.54
2021-02-04,21:58:17,93,7.65,0,0,2.06
2021-02-04,22:58:52,93,7,0,0,0.5
2021-02-04,23:59:46,100,7,0,0,1.03
2021-02-05,02:05:15,100,6.1,0,0,2.57
2021-02-05,03:04:46,100,6.55,0,0,1.54
2021-02-05,04:40:12,100,7.55,0,0,3.09
2021-02-05,04:50:55,93,7.65,0,0,2.06
2021-02-05,05:08:34,93,7.65,0,0,2.06
2021-02-05,05:18:15,100,7.65,0,0,2.06
2021-02-05,05:55:51,100,7.2,0,0,1.54
2021-02-05,06:57:56,100,7.2,0,0,2.06
2021-02-05,07:57:17,100,8.1,0,0,1.03
2021-02-05,08:58:08,100,8.55,0,0,1.03
2021-02-05,09:41:55,100,9,0,0,1.03
2021-02-05,09:41:55,100,9,0,0,1.03
2021-02-05,09:57:47,100,9,0,0,1.03
2021-02-05,11:00:44,100,9.55,0,0,1.54
2021-02-05,11:57:16,100,9.55,0,0,1.03
2021-02-05,12:59:20,93,11,0,0,2.57
2021-02-05,13:58:41,87,12.45,0,0,2.06
2021-02-05,14:59:08,87,12.45,0,0,1.54
2021-02-05,15:58:46,87,12,0,0,2.06
2021-02-05,16:58:16,93,11,0,0,2.57
2021-02-05,17:59:10,93,11,0,0,1.03
2021-02-05,18:58:55,93,11,0,0,1.54
2021-02-05,19:58:17,93,10.55,0,0,1.54
2021-02-05,21:00:42,93,10.55,0,0,2.06
2021-02-05,21:57:37,93,10.55,0,0,1.54
2021-02-05,22:58:03,100,10,0,0,0.51
2021-02-06,00:02:12,93,10,0,0,1.03
2021-02-06,02:05:56,93,9.55,0,0,0.51
2021-02-06,03:05:32,93,9.55,0,0,1.54
2021-02-06,07:57:09,93,9.55,0.15,0,3.09
2021-02-06,08:57:28,100,9.55,0,0,1.54
2021-02-06,09:58:39,100,10,0,0,3.09
2021-02-06,10:58:31,93,11,0,0,2.06
2021-02-06,11:59:22,93,11,0,0,3.6
2021-02-06,13:00:57,93,11,0,0,3.6
2021-02-06,13:58:38,93,10.55,0,0,5.14
2021-02-06,14:59:47,93,10.55,0,0,5.14
2021-02-06,15:59:16,93,10,0,0,9.26
2021-02-06,16:59:42,93,9,0.12,0,5.66
2021-02-06,17:59:40,93,8.55,0,0,7.72
2021-02-06,18:58:51,100,8,0,0,6.69
2021-02-06,19:58:06,93,7.55,0,0,4.63
2021-02-06,20:58:21,93,7.55,0,0,5.66
2021-02-06,21:57:58,87,6.55,0,0,6.69
2021-02-06,22:58:45,87,6.55,0,0,4.12
2021-02-07,00:01:10,87,6.1,0,0,4.63
2021-02-07,02:06:50,93,5,0,0,3.6
2021-02-07,03:08:53,87,5.55,0,0,2.57
2021-02-07,04:01:12,87,5.1,0,0,3.6
2021-02-07,04:43:20,93,5,0,0,3.09
2021-02-07,05:13:34,87,4.55,0,0,2.57
2021-02-07,05:56:04,93,3.1,0,0,2.06
2021-02-07,06:57:31,87,3.65,0,0,2.57
2021-02-07,07:56:36,87,5.65,0,0,1.54
2021-02-07,08:57:31,87,7.45,0,0,4.12
2021-02-07,09:57:33,81,8.45,0,0,5.14
2021-02-07,10:58:22,87,8.45,0,0,4.63
2021-02-07,11:57:36,87,8.45,0,0,3.6
2021-02-07,12:58:14,93,8.45,0,0,4.63
2021-02-07,13:58:37,87,8.9,0,0,7.2
2021-02-07,14:58:55,81,9,0,0,6.69
2021-02-07,15:58:47,81,8,0,0,4.12
2021-02-07,16:59:27,81,7.55,0,0,2.06
2021-02-07,17:58:34,87,7,0,0,1.54
2021-02-07,18:58:12,87,6.55,0,0,1.54
2021-02-07,19:57:11,87,6,0,0,1.54
2021-02-07,20:58:18,93,5.55,0,0,2.06
2021-02-07,21:57:53,93,5.55,0,0,1.54
2021-02-07,22:58:42,93,5.55,0.33,0,2.57
2021-02-07,23:59:40,93,5.55,0,0,2.57
2021-02-08,02:06:32,87,6.1,0,0,2.06
2021-02-08,03:08:01,93,6.55,0,0,2.57
2021-02-08,04:02:09,93,6.55,0,0,1.54
2021-02-08,04:44:15,93,6.55,0,0,1.54
2021-02-08,05:19:39,100,6.55,0,0,1.54
2021-02-08,05:58:00,100,6.55,0,0,1.03
2021-02-08,07:01:41,100,6.55,0,0,1.03
2021-02-08,07:58:40,93,7.55,0,0,0.51
2021-02-08,08:59:30,81,9.1,0,0,5.14
2021-02-08,09:58:15,93,8.55,0,0,2.57
2021-02-08,10:58:36,87,9.1,0.15,0,3.09
2021-02-08,11:59:39,81,9.1,0,0,5.14
2021-02-08,13:02:38,81,9.1,0,0,3.6
2021-02-08,13:59:46,76,10.1,0,0,4.63
2021-02-08,14:59:18,76,11.1,0,0,4.12
2021-02-08,15:59:29,76,10.55,0,0,5.14
2021-02-08,16:58:59,71,10.1,0,0,3.6
2021-02-08,17:59:20,81,9.55,0,0,5.66
2021-02-08,18:58:53,81,9.1,0,0,5.66
2021-02-08,19:50:12,81,9.1,0,0,5.66
2021-02-08,19:58:35,81,9.1,0,0,5.66
2021-02-08,20:59:30,76,9.55,0,0,5.66
2021-02-08,21:59:24,87,9,0,0,5.66
2021-02-08,22:59:19,87,8.55,0,0,2.57
2021-02-09,00:00:27,81,8.55,0,0,3.09
2021-02-09,02:09:46,93,4.65,0,0,0.51
2021-02-09,03:08:13,93,5.65,0,0,1.54
2021-02-09,04:02:11,93,6,0,0,1.54
2021-02-09,04:44:07,100,5,0,0,2.57
2021-02-09,05:22:35,93,5.55,0,0,1.54
2021-02-09,05:59:12,93,4.55,0,0,0.51
2021-02-09,06:58:11,93,5.1,0,0,4.12
2021-02-09,08:03:30,87,6.55,0,0,2.57
2021-02-09,09:03:11,76,9,0,0,3.09
2021-02-09,10:02:34,66,11,0.18,0,3.6
2021-02-09,10:22:24,71,11,0.21,0,3.6
2021-02-09,11:02:48,81,10,0.24,0,2.06
2021-02-09,12:04:41,87,10,0.24,0,1.54
2021-02-09,12:40:04,87,10,0.37,0,2.06
2021-02-09,13:03:43,93,9.55,0.27,0,1.03
2021-02-09,14:04:21,87,10,0.21,0,1.03
2021-02-09,15:03:39,87,9.55,0,0,1.54
2021-02-09,16:02:30,93,9.45,0,0,1.54
2021-02-09,16:59:51,93,8.55,0,0,1.54
2021-02-09,17:58:34,93,7.55,0,0,0.51
2021-02-09,19:00:16,93,6,0,0,2.65
2021-02-09,19:58:59,100,5.55,0,0,2.06
2021-02-09,20:58:58,76,6.1,0,0,1.03
2021-02-09,21:57:47,87,5.55,0,0,2.57
2021-02-09,22:59:06,81,5.65,0,0,1.54
2021-02-10,00:00:30,87,6.1,0,0,2.06
2021-02-10,02:06:41,87,4.65,0,0,3.09
2021-02-10,03:07:36,87,4.65,0,0,0.51
2021-02-10,04:01:20,87,4.2,0,0,1.03
2021-02-10,05:57:14,87,5.1,0,0,0.51
2021-02-10,06:58:43,93,5.55,0,0,1.03
2021-02-10,07:58:27,87,6.55,0,0,1.03
2021-02-10,08:59:06,93,7,0.8,0,1.03
2021-02-10,09:58:18,93,7,0,0,4.12
2021-02-10,10:58:02,87,7.1,0.15,0,4.12
2021-02-10,11:59:15,93,8,0,0,5.66
2021-02-10,13:02:06,93,7.55,0,0,4.12
2021-02-10,13:58:34,87,8.55,0,0,6.17
2021-02-10,14:59:01,93,8.55,0,0,5.66
2021-02-10,15:59:01,93,8.55,0,0,6.17
2021-02-10,16:58:24,87,8.55,0,0,6.17
2021-02-10,17:58:16,93,8,0,0,4.12
2021-02-10,18:58:16,87,8.55,0,0,3.6
2021-02-10,19:58:54,87,8.55,0,0,4.12
2021-02-10,20:59:52,81,8.55,0,0,3.6
2021-02-10,21:57:54,87,6.65,0,0,2.57
2021-02-10,22:59:48,87,6.65,0,0,2.06
2021-02-11,00:01:23,87,5.65,0,0,1.54
2021-02-11,02:09:06,93,4.55,0,0,2.06
2021-02-11,03:11:03,93,4,0,0,3.09
2021-02-11,04:02:01,93,4,0,0,2.57
2021-02-11,04:47:48,93,3,0,0,3.09
2021-02-11,05:20:46,93,3,0,0,2.57
2021-02-11,05:56:54,87,3.1,0,0,2.57
2021-02-11,06:59:59,93,2.55,0,0,3.09
2021-02-11,07:58:23,81,6.1,0,0,2.06
2021-02-11,08:58:26,71,9.55,0,0,2.57
2021-02-11,09:57:36,62,13,0,0,2.06
2021-02-11,10:58:48,58,14,0,0,2.06
2021-02-11,11:58:14,44,15.55,0,0,1.54
2021-02-11,13:01:50,44,15.55,0,0,1.54
2021-02-11,13:58:08,51,15.45,0,0,1.03
2021-02-11,14:59:05,51,15.1,0,0,0.09
2021-02-11,15:58:12,67,14.55,0,0,1.03
2021-02-11,17:00:43,67,13.55,0,0,1.03
2021-02-11,17:59:15,76,12.1,0,0,1.54
2021-02-11,19:06:53,82,11.1,0,0,3.09
2021-02-11,19:57:39,93,9.55,0,0,2.57
2021-02-11,20:58:57,87,8.65,0,0,2.57
2021-02-11,21:58:30,93,7.65,0,0,1.54
2021-02-11,22:58:52,93,7.65,0,0,0.51
2021-02-12,00:02:01,93,7.1,0,0,1.54
2021-02-12,02:05:44,100,7.1,0,0,2.06
2021-02-12,03:02:00,93,7.65,0,0,1.54
2021-02-12,03:59:56,93,7.55,0,0,2.06
2021-02-12,04:40:34,87,7.65,0,0,3.09
2021-02-12,05:18:56,87,8.1,0,0,1.54
2021-02-12,05:56:04,87,8.1,0.15,0,1.03
2021-02-12,06:59:06,93,8.55,0,0,1.54
2021-02-12,07:09:45,93,8.55,0.18,0,1.54
2021-02-12,07:58:47,94,11.55,0,0,8.75
2021-02-12,08:59:10,100,10.55,0,0,5.14
2021-02-12,09:59:03,94,11.55,0.21,0,5.66
2021-02-12,10:59:38,94,11.55,0,0,5.14
2021-02-12,12:00:35,94,11.55,0,0,7.72
2021-02-12,13:01:45,94,11.55,0,0,7.72
2021-02-12,14:01:11,94,11.55,0,0,8.23
2021-02-12,15:00:56,100,11,0,0,6.69
2021-02-12,15:59:42,93,10.55,0,0,9.26
2021-02-12,16:59:52,93,10,0,0,8.75
2021-02-12,17:58:39,93,9.55,0,0,8.75
2021-02-12,18:58:33,93,9,0,0,5.66
2021-02-12,19:59:21,93,9,0,0,5.14
2021-02-12,20:59:03,93,9,0,0,2.06
2021-02-12,21:58:53,93,9,0,0,1.03
2021-02-12,22:58:26,93,8.55,0,0,1.03
2021-02-13,00:01:47,93,9,0,0,2
2021-02-13,02:06:15,100,9,0,0,2.06
2021-02-13,03:07:20,100,9,0,0,2.06
2021-02-13,04:02:14,100,9,0,0,1.03
2021-02-13,04:45:14,93,8.55,0,0,0.51
2021-02-13,05:19:57,93,8.55,0,0,0.51
2021-02-13,05:57:02,93,8.55,0,0,1.03
2021-02-13,06:58:54,100,8.55,0,0,0.51
2021-02-13,07:58:20,93,9.1,0,0,0.65
2021-02-13,09:00:45,100,10,0,0,1.48
2021-02-13,09:58:18,93,11,0,0,2.06
2021-02-13,11:01:02,82,11.55,0,0,2.57
2021-02-13,12:00:33,76,11.55,0,0,3.09
2021-02-13,12:59:40,76,11.55,0,0,2.57
2021-02-13,13:59:38,67,12.1,0,0,1.54
2021-02-13,15:00:15,67,12.1,0,0,1.54
2021-02-13,15:59:03,71,11.55,0,0,1.54
2021-02-13,16:59:02,82,10.55,0,0,1.03
2021-02-13,17:58:04,87,9.1,0,0,1.54
2021-02-13,18:58:04,87,8.1,0,0,1.54
2021-02-13,19:58:46,93,7.65,0,0,1.54
2021-02-13,20:57:32,93,6.2,0,0,1.54
2021-02-13,21:57:16,100,5.65,0,0,2.06
2021-02-13,22:59:27,93,5.1,0,0,1.54
2021-02-13,23:58:34,100,3.65,0,0,2.06
2021-02-14,02:05:10,100,3.1,0,0,2.06
2021-02-14,03:00:15,93,3.65,0,0,1.54
2021-02-14,03:59:49,100,3.55,0,0,2.06
2021-02-14,04:40:41,100,2.65,0,0,2.57
2021-02-14,05:20:25,93,2.65,0,0,3.09
2021-02-14,05:56:27,93,2.2,0,0,2.57
2021-02-14,06:58:26,93,2.65,0,0,2.06
2021-02-14,07:59:07,93,5.1,0,0,1.03
2021-02-14,08:58:20,71,9.1,0,0,1.54
2021-02-14,09:57:13,67,11.65,0,0,2.06
2021-02-14,10:57:57,55,13.65,0,0,2.57
2021-02-14,11:58:29,55,15.1,0,0,3.09
2021-02-14,13:00:28,59,15.55,0,0,4.12
2021-02-14,13:59:10,59,15.55,0,0,4.12
2021-02-14,14:59:23,59,15.1,0,0,4.12
2021-02-14,15:58:22,62,12.65,0,0,4.63
2021-02-14,16:57:41,76,9.65,0,0,4.12
2021-02-14,17:57:46,76,8.2,0,0,4.12
2021-02-14,18:58:50,81,7.2,0,0,2.57
2021-02-14,19:57:49,76,7.2,0,0,1.54
2021-02-14,20:57:35,81,6.2,0,0,3.09
2021-02-14,21:57:56,87,5.2,0,0,2.06
2021-02-14,22:57:54,87,4.65,0,0,2.06
2021-02-15,00:00:30,87,4.2,0,0,3.09
2021-02-15,02:05:47,87,3.65,0,0,2.57
2021-02-15,03:01:21,87,3.2,0,0,2.06
2021-02-15,03:59:48,87,2.2,0,0,1.54
2021-02-15,04:39:39,93,2.1,0,0,1.54
2021-02-15,05:13:35,93,1.64,0,0,2.06
2021-02-15,05:55:50,93,1.65,0,0,1.54
2021-02-15,06:57:18,93,1.65,0,0,1.03
2021-02-15,07:57:38,93,3.46,0,0,1.03
2021-02-15,08:58:51,71,8.2,0,0,2.06
2021-02-15,09:58:29,66,10.65,0,0,1.54
2021-02-15,10:58:22,62,12.65,0,0,2.06
2021-02-15,11:59:28,59,14.65,0,0,2.06
2021-02-15,13:00:43,51,15.55,0,0,3.09
2021-02-15,13:59:40,55,15.1,0,0,3.09
2021-02-15,14:59:53,58,14.55,0,0,4.12
2021-02-15,15:56:36,62,13.55,0,0,3.6
2021-02-15,16:59:33,67,11.65,0,0,2.57
2021-02-15,17:59:48,76,9.65,0,0,2.57
2021-02-15,18:58:13,71,9.2,0,0,2.06
2021-02-15,19:58:46,81,7.65,0,0,2.57
2021-02-15,20:58:05,87,6.2,0,0,1.54
2021-02-15,21:58:09,87,5.65,0,0,2.06
2021-02-15,22:53:50,93,4.65,0,0,2.06
2021-02-16,00:01:22,93,4.1,0,0,1.54
2021-02-16,02:07:54,93,3.1,0,0,1.03
2021-02-16,03:07:22,93,3.55,0,0,1.54
2021-02-16,04:01:18,93,4,0,0,1.54
2021-02-16,04:44:09,93,3.45,0,0,1.03
2021-02-16,05:18:59,93,3,0,0,1.81
2021-02-16,05:56:13,93,3,0,0,1.03
2021-02-16,06:58:38,93,2.55,0,0,3.09
2021-02-16,07:59:35,81,6.55,0,0,2.57
2021-02-16,08:59:46,62,12.55,0,0,2.06
2021-02-16,09:59:34,58,15.9,0,0,1.54
2021-02-16,10:59:31,55,16,0,0,2.57
2021-02-16,11:59:00,42,20,0,0,3.6
2021-02-16,13:01:37,55,18.8,0,0,5.66
2021-02-16,14:02:01,48,17,0,0,10.29
2021-02-16,14:59:20,67,14.45,0,0,9.77
2021-02-16,15:58:15,67,13,0,0,6.17
2021-02-16,16:58:15,76,12,0,0,2.57
2021-02-16,17:58:11,76,10.55,0,0,2.57
2021-02-16,18:58:23,82,10.1,0,0,1.54
2021-02-16,19:58:34,87,8.65,0,0,2.06
2021-02-16,20:58:58,81,8.65,0,0,1.54
2021-02-16,21:57:58,93,8.1,0,0,1.03
2021-02-16,23:00:50,93,7.65,0,0,1.54
2021-02-17,00:00:55,93,7.55,0,0,1.03
2021-02-17,02:05:27,93,6.55,0,0,2.06
2021-02-17,03:07:13,100,5.55,0,0,1.03
2021-02-17,04:01:44,93,5.1,0,0,2.57
2021-02-17,04:47:01,93,4.1,0,0,1.03
2021-02-17,05:13:35,93,4.1,0,0,1.54
2021-02-17,05:57:48,93,4.1,0,0,1.54
2021-02-17,06:59:00,100,4.65,0,0,2.57
2021-02-17,07:58:36,81,8.65,0,0,3.09
2021-02-17,08:59:40,71,12,0,0,3.09
2021-02-17,09:59:00,59,15.55,0,0,2.06
2021-02-17,10:58:46,48,17.55,0,0,2.06
2021-02-17,11:59:08,45,18.65,0,0,1.54
2021-02-17,13:00:27,45,18.55,0,0,2.57
2021-02-17,13:59:07,42,19.1,0,0,1.03
2021-02-17,15:00:28,45,18.55,0,0,1.54
2021-02-17,15:59:30,55,17.55,0,0,1.03
2021-02-17,17:00:18,59,15.55,0,0,2.06
2021-02-17,17:59:03,58,13.2,0,0,3.09
2021-02-17,18:59:03,71,11.55,0,0,0.51
2021-02-17,19:58:25,76,10.2,0,0,1.54
2021-02-18,01:00:00,82,6.40000000000003,0,0,2
2021-02-18,04:00:00,77,7.60000000000002,0,0,2.1
2021-02-18,07:00:00,50,12.2,0,0,3.1
2021-02-18,10:00:00,27,17.2,0,0,5.1
2021-02-18,13:00:00,32,20.1,0,0,2.2
2021-02-18,16:00:00,40,18.8,0,0,2.6
2021-02-18,19:00:00,82,11.6,0,0,3.4
2021-02-18,22:00:00,85,10.6,0,0,0.6
2021-02-19,01:00:00,95,6.60000000000002,0,0,0.5
2021-02-19,04:00:00,97,4.30000000000001,0,0,1.5
2021-02-19,07:00:00,93,2.80000000000001,0,0,1.5
2021-02-19,10:00:00,79,9.20000000000005,0,0,0.8
2021-02-19,13:00:00,63,15,0,0,2.4
2021-02-19,16:00:00,45,18.3,0,0,3.4
2021-02-19,19:00:00,67,13.7,0,0,1.6
2021-02-19,22:00:00,94,7.10000000000002,0,0,1.1
2021-02-20,01:00:00,94,5.10000000000002,0,0,1.3
2021-02-20,04:00:00,96,3.30000000000001,0,0,1.2
2021-02-20,07:00:00,96,3.40000000000003,0,0,1.1
2021-02-20,10:00:00,84,8.80000000000001,0,0,2.8
2021-02-20,13:00:00,66,14.6,0,0,2.3
2021-02-20,16:00:00,65,17.4,0,0,4.7
2021-02-20,19:00:00,77,11.7,0,0,1.6
2021-02-20,22:00:00,90,8.80000000000001,0,0,1.5
2021-02-21,01:00:00,18,20.5,-0.1,0,12.2
2021-02-21,04:00:00,81,8.70000000000005,-0.1,0,5.5
2021-02-21,07:00:00,86,7.70000000000005,-0.1,0,1
2021-02-21,10:00:00,91,7.20000000000005,0,0,1.8
2021-02-21,13:00:00,61,13.4,0,0,2.6
2021-02-21,16:00:00,54,15.5,0,0,2.9
2021-02-21,19:00:00,61,14,0,0,2.5
2021-02-21,22:00:00,72,11.5,0,0,1.2
2021-02-22,01:00:00,82,10.2,0,0,2.8
2021-02-22,04:00:00,95,9.90000000000003,-0.1,0,2.5
2021-02-22,07:00:00,96,7.90000000000003,0.4,0,4.6
2021-02-22,10:00:00,83,8.80000000000001,0.6,0,3.4
2021-02-22,13:00:00,80,9.70000000000005,0.4,0,5.2
2021-02-22,16:00:00,83,9.70000000000005,0.8,0,4.2
2021-02-22,19:00:00,86,8.40000000000003,0.6,0,2.3
2021-02-22,22:00:00,93,7.20000000000005,0,0,1.4
2021-02-23,01:00:00,96,6.5,0,0,1.3
2021-02-23,04:00:00,93,5.80000000000001,0,0,1.5
2021-02-23,07:00:00,99,2.80000000000001,0,0,1.9
2021-02-23,10:00:00,87,8.30000000000001,0,0,0.7
2021-02-23,13:00:00,60,15.1,0,0,3
2021-02-23,16:00:00,55,16,0,0,2
2021-02-23,19:00:00,76,12.4,0,0,0.9
2021-02-23,22:00:00,90,7.30000000000001,0,0,1.1
2021-02-24,01:00:00,86,7.10000000000002,0,0,2.1
2021-02-24,04:00:00,94,4.90000000000003,0,0,1.5
2021-02-24,07:00:00,95,3,0,0,1.1
2021-02-24,10:00:00,84,8.70000000000005,0,0,1.4
2021-02-24,13:00:00,58,16.5,0,0,2.6
2021-02-24,16:00:00,53,19.4,0,0,2.8
2021-02-24,19:00:00,69,15.3,0,0,0.8
2021-02-24,22:00:00,90,8.5,0,0,1.4
2021-02-25,01:00:00,85,5.70000000000005,0,0,1.5
2021-02-25,04:00:00,74,5.40000000000003,0,0,0.6
2021-02-25,07:00:00,78,3.60000000000002,0,0,1.2
2021-02-25,10:00:00,85,8.30000000000001,0,0,0.5
2021-02-25,13:00:00,59,15.2,0,0,2.3
2021-02-25,16:00:00,60,16.1,0,0,3.8
2021-02-25,19:00:00,79,11.2,0,0,3.7
2021-02-25,22:00:00,89,8.10000000000002,0,0,2.1
2021-02-26,01:00:00,93,6.70000000000005,0,0,1.6
2021-02-26,04:00:00,94,5.5,0,0,1.6
2021-02-26,07:00:00,97,4,0,0,0.7
2021-02-26,10:00:00,100,7.70000000000005,0,0,1.3
2021-02-26,13:00:00,86,10.8,0,0,1.5
2021-02-26,16:00:00,73,13.7,0,0,2.8
2021-02-26,19:00:00,90,10.1,0,0,2.7
2021-02-26,22:00:00,93,9.20000000000005,0,0,1.1
2021-02-27,01:00:00,96,8.70000000000005,0,0,3
2021-02-27,04:00:00,96,8.5,0,0,0.7
2021-02-27,07:00:00,97,8.10000000000002,0,0,0.8
2021-02-27,10:00:00,99,7.70000000000005,0,0,2.4
2021-02-27,13:00:00,75,11,0,0,1.3
2021-02-27,16:00:00,59,12.2,0,0,1.3
2021-02-27,19:00:00,74,9.5,0,0,2.6
2021-02-27,22:00:00,85,6.70000000000005,0,0,1
2021-02-28,01:00:00,88,5.20000000000005,0,0,1.1
2021-02-28,04:00:00,92,2.60000000000002,0,0,2
2021-02-28,07:00:00,93,2.70000000000005,0,0,1.7
2021-02-28,10:00:00,75,8.30000000000001,0,0,0.7
2021-02-28,13:00:00,66,11.1,0,0,2.8
2021-02-28,16:00:00,61,12.9,0,0,3.1
2021-02-28,19:00:00,70,11.4,0,0,3.1
2021-02-28,22:00:00,93,6,0,0,0.7
2021-03-01,01:00:00,95,4.40000000000003,0,0,1.1
2021-03-01,04:00:00,98,2.60000000000002,0,0,1.3
2021-03-01,07:00:00,93,2.10000000000002,0,0,2.3
2021-03-01,10:00:00,69,10.4,0,0,1.1
2021-03-01,13:00:00,61,14,0,0,3
2021-03-01,16:00:00,54,14.2,0,0,2
2021-03-01,19:00:00,71,12,0,0,1.1
2021-03-01,22:00:00,92,6.90000000000003,0,0,1.6
2021-03-02,01:00:00,91,6.40000000000003,0,0,2
2021-03-02,04:00:00,89,6.5,0,0,2
2021-03-02,07:00:00,85,7.10000000000002,0,0,2.6
2021-03-02,10:00:00,76,11.6,0,0,0.9
2021-03-02,13:00:00,52,16.9,0,0,2.2
2021-03-02,16:00:00,62,16.2,0,0,3.6
2021-03-02,19:00:00,75,12.5,0,0,2.2
2021-03-02,22:00:00,90,9.10000000000002,0,0,1.9
2021-03-03,01:00:00,89,8.90000000000003,0,0,1.5
2021-03-03,04:00:00,92,8.10000000000002,0,0,2.4
2021-03-03,07:00:00,90,7.80000000000001,0,0,1.6
2021-03-03,10:00:00,89,9.40000000000003,0,0,0
2021-03-03,13:00:00,57,15.1,0,0,2.8
2021-03-03,16:00:00,56,15.4,0,0,3.4
2021-03-03,19:00:00,65,12.7,0,0,1.2
2021-03-03,22:00:00,89,7.30000000000001,0,0,1.6
2021-03-04,01:00:00,90,6.70000000000005,0,0,2.5
2021-03-04,04:00:00,84,7.80000000000001,0,0,3.1
2021-03-04,07:00:00,89,5.80000000000001,0,0,2.5
2021-03-04,10:00:00,68,12,0,0,1.8
2021-03-04,13:00:00,51,16.6,0,0,2.8
2021-03-04,16:00:00,52,16.7,0,0,3.7
2021-03-04,19:00:00,63,14.1,0,0,1.5
2021-03-04,22:00:00,74,12.5,0,0,0.5
2021-03-05,01:00:00,86,9.60000000000002,0,0,1.1
2021-03-05,04:00:00,88,8.90000000000003,0,0,1
2021-03-05,07:00:00,92,7.70000000000005,0,0,1.8
2021-03-05,10:00:00,85,11,0,0,1.9
2021-03-05,13:00:00,78,13.3,0,0,3.3
2021-03-05,16:00:00,70,13.9,0,0,4.7
2021-03-05,19:00:00,78,12.1,0,0,2.8
2021-03-05,22:00:00,84,9.20000000000005,-0.1,0,6.1
2021-03-06,01:00:00,89,8.20000000000005,-0.1,0,3.5
2021-03-06,04:00:00,93,7.80000000000001,-0.1,0,3.4
2021-03-06,07:00:00,90,6.30000000000001,-0.1,0,3.1
2021-03-06,10:00:00,85,7,0,0,2.5
2021-03-06,13:00:00,76,7.90000000000003,0,0,2.3
2021-03-06,16:00:00,75,8.5,0,0,1.4
2021-03-06,19:00:00,75,8.10000000000002,0,0,0.7
2021-03-06,22:00:00,82,7.5,0,0,0
2021-03-07,01:00:00,88,6.80000000000001,0,0,0.8
2021-03-07,04:00:00,91,6.70000000000005,0,0,0.7
2021-03-07,07:00:00,93,6.5,0,0,1.4
2021-03-07,10:00:00,91,6.90000000000003,0,0,1.3
2021-03-07,13:00:00,71,10.6,0,0,3
2021-03-07,16:00:00,66,10.5,0,0,1.9
2021-03-07,19:00:00,76,9.5,-0.1,0,1.7
2021-03-07,22:00:00,92,8,-0.1,0,1.7
2021-03-08,01:00:00,95,7.20000000000005,0,0,2.5
2021-03-08,04:00:00,95,6.70000000000005,-0.1,0,1.2
2021-03-08,07:00:00,98,6.70000000000005,0.2,0,0.8
2021-03-08,10:00:00,97,6.70000000000005,0.6,0,2.8
2021-03-08,13:00:00,92,7,0.4,0,3.5
2021-03-08,16:00:00,95,6.60000000000002,0.4,0,3.4
2021-03-08,19:00:00,95,6.20000000000005,0.4,0,2.5
2021-03-08,22:00:00,94,6.30000000000001,0.2,0,2.1
2021-03-09,01:00:00,95,6.40000000000003,0.2,0,4
2021-03-09,04:00:00,90,6.10000000000002,0.2,0,3.1
2021-03-09,07:00:00,94,5.70000000000005,0.6,0,3.9
2021-03-09,10:00:00,94,5.80000000000001,0.6,0,2.2
2021-03-09,13:00:00,81,6.60000000000002,-0.1,0,3
2021-03-09,16:00:00,69,6.90000000000003,-0.1,0,2.9
2021-03-09,19:00:00,82,5.5,0,0,1
2021-03-09,22:00:00,88,5.30000000000001,0,0,1.4
2021-03-10,01:00:00,93,4,0,0,1.6
2021-03-10,04:00:00,97,0.400000000000034,0,0,1.2
2021-03-10,07:00:00,96,-0.599999999999966,0,0,1.1
2021-03-10,10:00:00,75,6.80000000000001,0,0,1.4
2021-03-10,13:00:00,56,11.6,0,0,1.9
2021-03-10,16:00:00,45,14.4,0,0,2.5
2021-03-10,19:00:00,52,11.9,0,0,1
2021-03-10,22:00:00,76,8.70000000000005,0,0,1.4
2021-03-11,01:00:00,80,9.5,0,0,2.5
2021-03-11,04:00:00,80,9.20000000000005,0,0,2.3
2021-03-11,07:00:00,83,6.30000000000001,0,0,0.6
2021-03-11,10:00:00,51,14.5,0,0,3.1
2021-03-11,13:00:00,49,18.3,0,0,2
2021-03-11,16:00:00,49,18.1,0,0,4.8
2021-03-11,19:00:00,94,10.5,0.8,0,8.3
2021-03-11,22:00:00,93,9.30000000000001,1.8,0,5.9
2021-03-12,01:00:00,75,9.20000000000005,1.2,0,3.6
2021-03-12,04:00:00,80,8.5,0.2,0,1.3
2021-03-12,07:00:00,95,7,0.2,0,2.1
2021-03-12,10:00:00,82,7.80000000000001,0.2,0,5.6
2021-03-12,13:00:00,80,8.10000000000002,0.2,0,5.1
2021-03-12,16:00:00,71,10.2,1,0,5.7
2021-03-12,19:00:00,82,7.80000000000001,0.8,0,4.2
2021-03-12,22:00:00,64,7.40000000000003,-0.1,0,3.8
2021-03-13,01:00:00,83,3.20000000000005,0,0,3.5
2021-03-13,04:00:00,82,2,0,0,3.3
2021-03-13,07:00:00,78,2.60000000000002,0,0,3.4
2021-03-13,10:00:00,61,10.4,0,0,5.4
2021-03-13,13:00:00,45,14,0,0,8.2
2021-03-13,16:00:00,44,14.4,0,0,10.7
2021-03-13,19:00:00,60,10.6,0,0,5.4
2021-03-13,22:00:00,72,9.70000000000005,-0.1,0,6.2
2021-03-14,01:00:00,81,9,0.4,0,6.9
2021-03-14,04:00:00,94,7.60000000000002,4.6,0,5.3
2021-03-14,07:00:00,88,7.20000000000005,5.4,0,7.1
2021-03-14,10:00:00,79,8.5,1.4,0,6.4
2021-03-14,13:00:00,83,8.90000000000003,0.6,0,5.5
2021-03-14,16:00:00,76,10.1,0.8,0,6.3
2021-03-14,19:00:00,88,7.10000000000002,2.2,0,4.3
2021-03-14,22:00:00,81,5.90000000000003,2.6,0,3.4
2021-03-15,01:00:00,88,5.5,0.8,0,2.7
2021-03-15,04:00:00,85,5.30000000000001,-0.1,0,2.5
2021-03-15,07:00:00,89,4.70000000000005,-0.1,0,3.3
2021-03-15,10:00:00,72,8.30000000000001,-0.1,0,4
2021-03-15,13:00:00,77,10.1,0,0,6.9
2021-03-15,16:00:00,85,9.40000000000003,-0.1,0,5.2
2021-03-15,19:00:00,80,9.20000000000005,-0.1,0,6.2
2021-03-15,22:00:00,87,8.10000000000002,-0.1,0,5
2021-03-16,01:00:00,92,7.40000000000003,1,0,3.7
2021-03-16,04:00:00,95,7,1,0,1.9
2021-03-16,07:00:00,95,5,0,0,2.9
2021-03-16,10:00:00,68,10.8,0,0,2.4
2021-03-16,13:00:00,72,10.9,0,0,5.4
2021-03-16,16:00:00,55,13.9,0,0,4.4
2021-03-16,19:00:00,72,9.80000000000001,0,0,2
2021-03-16,22:00:00,87,6.90000000000003,0,0,1.6
2021-03-17,01:00:00,93,8.70000000000005,-0.1,0,3
2021-03-17,04:00:00,95,8.40000000000003,-0.1,0,3.6
2021-03-17,07:00:00,95,8.5,0.2,0,4.7
2021-03-17,10:00:00,94,9.60000000000002,0.8,0,3.6
2021-03-17,13:00:00,58,13.1,0.6,0,5.7
2021-03-17,16:00:00,45,14.1,0,0,6.8
2021-03-17,19:00:00,55,10.6,0,0,3.5
2021-03-17,22:00:00,73,8.20000000000005,0,0,1.2
2021-03-18,01:00:00,83,5.80000000000001,0,0,1.5
2021-03-18,04:00:00,85,5.60000000000002,-0.1,0,1.6
2021-03-18,07:00:00,93,1.90000000000003,-0.1,0,2.8
2021-03-18,10:00:00,77,6.20000000000005,0,0,0.9
2021-03-18,13:00:00,61,8.60000000000002,0,0,4.2
2021-03-18,16:00:00,54,8.80000000000001,0,0,5.9
2021-03-18,19:00:00,59,6.80000000000001,0,0,3.6
2021-03-18,22:00:00,71,5.90000000000003,0,0,2.7
2021-03-19,01:00:00,74,4.90000000000003,-0.1,0,1.2
2021-03-19,04:00:00,79,4.40000000000003,-0.1,0,2.2
2021-03-19,07:00:00,92,2.90000000000003,0.4,0,3.5
2021-03-19,10:00:00,95,2.5,1.4,0,2.1
2021-03-19,13:00:00,93,4,1.4,0,3.3
2021-03-19,16:00:00,78,5.90000000000003,0.4,0,1.6
2021-03-19,19:00:00,93,3.30000000000001,1.4,0,3.2
2021-03-19,22:00:00,95,1.90000000000003,5.6,0,2.2
2021-03-20,01:00:00,97,1.5,4.2,0,1.4
2021-03-20,04:00:00,97,0.600000000000023,0,0,1.7
2021-03-20,07:00:00,98,-0.599999999999966,0,0,1.8
2021-03-20,10:00:00,91,2.5,0,0,1.8
2021-03-20,13:00:00,68,5.90000000000003,0,0,2.8
2021-03-20,16:00:00,54,6.5,0,0,2.1
2021-03-20,19:00:00,54,5.90000000000003,0,0,2.1
2021-03-20,22:00:00,71,2.90000000000003,0,0,4.7
2021-03-21,01:00:00,76,1.20000000000005,0,0,2.4
2021-03-21,04:00:00,87,-1.19999999999999,0,0,2.4
2021-03-21,07:00:00,84,-0.899999999999977,0,0,3.5
2021-03-21,10:00:00,64,6,0,0,4.1
2021-03-21,13:00:00,51,8.70000000000005,0,0,5.9
2021-03-21,16:00:00,49,9.20000000000005,0,0,5.3
2021-03-21,19:00:00,58,8.10000000000002,0,0,6.2
2021-03-21,22:00:00,74,6.70000000000005,0,0,4.8
2021-03-22,01:00:00,84,5.70000000000005,0,0,1.9
2021-03-22,04:00:00,86,5.40000000000003,0,0,0
2021-03-22,07:00:00,96,3.5,0,0,1.4
2021-03-22,10:00:00,77,8.30000000000001,0,0,0.7
2021-03-22,13:00:00,51,12.1,0,0,1.2
2021-03-22,16:00:00,47,12.6,0,0,3.1
2021-03-22,19:00:00,60,9.60000000000002,0,0,2.2
2021-03-22,22:00:00,83,4,0,0,2.2
2021-03-23,01:00:00,91,4,0,0,2.2
2021-03-23,04:00:00,87,1.70000000000005,0,0,3
2021-03-23,07:00:00,92,0.5,0,0,2.1
2021-03-23,10:00:00,71,9.20000000000005,0,0,1.5
2021-03-23,13:00:00,51,13.4,0,0,2
2021-03-23,16:00:00,39,15.2,0,0,2.9
2021-03-23,19:00:00,44,11.7,0,0,2.9
2021-03-23,22:00:00,78,4.60000000000002,0,0,1.8
2021-03-24,01:00:00,78,4.20000000000005,0,0,2
2021-03-24,04:00:00,82,3.5,0,0,2.5
2021-03-24,07:00:00,78,3.30000000000001,0,0,3.4
2021-03-24,10:00:00,50,13.4,0,0,1.2
2021-03-24,13:00:00,43,16.4,0,0,1.9
2021-03-24,16:00:00,36,17.9,0,0,3.2
2021-03-24,19:00:00,55,14.3,0,0,2.1
2021-03-24,22:00:00,82,9,0,0,3.5
2021-03-25,01:00:00,85,9.20000000000005,0,0,2.3
2021-03-25,04:00:00,84,8.80000000000001,0,0,2.2
2021-03-25,07:00:00,84,8.70000000000005,0,0,1
2021-03-25,10:00:00,72,10.7,0,0,1.1
2021-03-25,13:00:00,57,13.9,0,0,1.7
2021-03-25,16:00:00,56,14.9,0,0,2.5
2021-03-25,19:00:00,57,13.5,0,0,1.7
